Study,Link (Use DOI or Title if missing),DOI,Title,Year,Country,Continent,SequencingType,PublicationJournal,Disease,AlphaDirection,BetaSeparation,"KeyTaxa_Enriched ↑ (Taxa1, Taxa2, etc.)",KeyTaxa_Depleted ↓,Differential Abundance Test (try Ctrl F for these),TaxaExtractionSource (Should be Main Text unless there is nothing listed),Tags (skip),Contributor,Notes,Column 1,Column 2,Column 3,Column 4,Column 5,Column 6,Column 7,Column 8,Column 9
LiZhang2020,https://pubmed.ncbi.nlm.nih.gov/33312718/,10.1515/tnsci-2020-0117,Dysbiosis characteristics of gut microbiota in cerebral infarction patients,2020,China,Asia,16S,Translational Neuroscience,Stroke,No Difference,No,"Proteobacteria, Actinobacteria, Lactobacillus, Lactococcus, Escherichia, Shigella, Streptococcus, Collinsella, Dorea","Firmicutes, Bacteroidetes, Faecalibacterium, Subdoligranulum, Eubacterium rectale, Roseburia, Lachnoclostridium, Butyricicoccus",LEfSe (LDA),Main Text,,Emily Song,,,,,,,,,,
DangZhang2021,https://doi.org/10.1155/2021/1469339,10.1155/2021/1469339,Distinctive Gut Microbiota Alteration Is Associated with Poststroke Functional Recovery: Results from a Prospective Cohort Study,2021,China,Asia,16S,NEURAL PLASTICITY,Stroke,Increase,Yes,"Enterococcaceae, Lachnospiraceae, Enterobacteriaceae, Helicobacteraceae, Lachnoclostridium, Flavonifractor, Lactobacillus, Enterococcus, Enterobacter, Fusobacterium, Veillonella, Megamonas, and Escherichia","Neisseriaceae, Porphyromonadaceae, Flavobacteriaceae, Weeksellaceae, Cardiobacteriaceae, Pasteurellaceae, Blautia, Faecalibacterium, Roseburia, Fusicatenibacter, Prevotella, Ruminococcus, and Neisseria",LEfSe (LDA),Main Text,,Emily Song,LDA score> 3.5,,,,,,,,,
MaXie2024,https://doi.org/10.1080/1028415X.2023.2242121,10.1080/1028415X.2023.2242121,The gut microbial signatures of patients with lacunar cerebral infarction,2024,China,Asia,16S,NUTRITIONAL NEUROSCIENCE,Stroke,No Difference,Yes,"Streptococcus, Lactobacillus",Agathobacter,LEfSe (LDA),Main Text,,Lynn Hee Fetcinko,,,,,,,,,,
YanZheng2025,https://doi.org/10.1007/s11011-025-01549-2,10.1007/s11011-025-01549-2,Altered gut microbiome and serum metabolome profiles associated with essential tremor,2025,China,Asia,16S,METABOLIC BRAIN DISEASE,Other,No Difference,Yes,Acholeplasmatales_bacterium ,"Prevotella_copri, Phocaeicola_vulgatus, Bacteroides_ovatus, Phocaeicola_dorei, Bacteroides_fragilis, Bacteroides_xylanisolvens, Bacteroides_sp._4_3_47FAA, Bacteroides_sp._3_1_40A, and Phocaeicola_coprocola ",LEfSe (LDA),Main Text,,Lynn Hee Fetcinko,,,,,,,,,,
KhedrAli2021,https://doi.org/10.1186/s41983-021-00407-z,10.1186/s41983-021-00407-z,Gut microbiota in Parkinson's disease patients: hospital-based study,2021,Egypt,Africa,16S,EGYPTIAN JOURNAL OF NEUROLOGY PSYCHIATRY AND NEUROSURGERY,Parkinson’s disease (PD),Not Reported,Not reported,"Clostridium cluster IV, Akkermansia, Bifidobacterium, and lactic acid bacteria", Firmicutes,Other,Main Text,,Lynn Hee Fetcinko,,,,,,,,,,
LiuMen2023,https://doi.org/10.1186/s40168-023-01638-3,10.1186/s40168-023-01638-3,Gut microbes exacerbate systemic inflammation and behavior disorders in neurologic disease CADASIL,2023,China,Asia,Both,MICROBIOME,Other,No Difference,No,"Porphyromonas, Akkermansia, Eubacterium siraeum, Akkermansia muciniphila, Fusobacterium varium, Megasphaera elsdenii, Clostridium aldenense, Bacteroides sp. OM05-12, Streptococcus sp. A12","Sutterella, Roseburia faecis, Eubacterium eligens, Sutterella parvirubra",Linear (e.g. MaAsLin),Main Text,,Lynn Hee Fetcinko,,,,,,,,,,
ChenWu2025,https://doi.org/10.3389/fmicb.2025.1580231,10.3389/fmicb.2025.1580231,Alterations in gut microbiota and metabolomic profiles in acute stroke: insights into brain-gut axis dysregulation,2025,China,Asia,16S,FRONTIERS IN MICROBIOLOGY,Stroke,Increase,Yes,"Firmicutes, Barnesiella, Faecalibacterium, Agathobacter","Bacteroides, Escherichia-Shigella",LEfSe (LDA),Main Text,,Lynn Hee Fetcinko,,,,,,,,,,
LiuFan2023,https://doi.org/10.1016/j.msard.2023.104619,10.1016/j.msard.2023.104619,Gut microbiota dysbiosis associated with different types of demyelinating optic neuritis in patients,2023,China,Asia,16S,MULTIPLE SCLEROSIS AND RELATED DISORDERS,Other,Decrease,Yes,"Blautia, Escherichia-Shigella, Ruminococcus","Bacteroides, Faecalibacterium, Roseburia, Parabacteroides, Romboutsia, Lachnospiraceae ND3007 group, Alistipes",Other,Main Text,,Isabella Huang,,,,,,,,,,
LuoChang2024,https://doi.org/10.1016/j.heliyon.2024.e26651,10.1016/j.heliyon.2024.e26651,"Unveiling the negative association of Faecalibacterium prausnitzii with ischemic stroke severity, impaired prognosis and pro-inflammatory markers",2024,China,Asia,16S,HELIYON,Stroke,No Difference,Yes,"All AIS patients combined: Bacteroides, Enterococcus faecium; Non-minor stroke: Parabacteroids, Akkermansia, Christensenellaceae_R-7_group, Bacteroides dorei, Akkermansia muciniphila, Bacteroides caccae; 3-month poor prognosis: Enterococcus","All AIS patients combined: Clostridia, Lachnospirales, Lachnospiraceae, Ruminococcaceae, Faecalibacterium, Faecalibacterium prausnitzii; Non-minor stroke: Faecalibacterium, Blautia, Agathobacter, Subdoligranulum, Faecalibacterium prausnitzii; 3-month poor prognosis: Faecalibacterium, Blautia",LEfSe (LDA),Main Text,,Isabella Huang,,,,,,,,,,
LiChen2025,https://doi.org/10.1128/msystems.01492-24,10.1128/msystems.01492-24,Hypercoagulable state and gut microbiota dysbiosis as predictors of poor functional outcomes in acute ischemic stroke patients,2025,China,Asia,16S,MSYSTEMS,Stroke,Increase,Yes,"Parabacteroides, Oscillospira, Morganella, Megasphaera, Alistipes, Dialister","Prevotella, Roseburia, Faecalibacterium, Blautia, Coprococcus",LEfSe (LDA),Main Text,,Isabella Huang,,,,,,,,,,
ZhangWang2022,https://doi.org/10.3389/fnmol.2022.922399,10.3389/fnmol.2022.922399,"Combination effect between gut microbiota and traditional potentially modifiable risk factors for first-ever ischemic stroke in Tujia, Miao and Han populations in China",2022,China,Asia,16S,FRONTIERS IN MOLECULAR NEUROSCIENCE,Stroke,Not Reported,Yes,"All IS combined: Bacilli, Gammaproteobacteria, Lactobacillaceae, Streptococcaceae, Enterobacteriaceae; Tujia only: Bacilli, Gammaproteobacteria, Actinobacteria, Rubrobacteria, Coriobacteria, Lactobacillaceae, Streptococcaceae, Enterobacteriaceae; Miao only: Bacilli, Lactobacillaceae, Streptococcaceae; Han only: Bacilli, Gammaproteobacteria, Enterococcaceae, Lactobacillaceae, Enterococcaceae, Enterobacteriaceae","All IS combined: Clostridia, Lachnospiraceae, Ruminococcaceae; Tujia only: Clostridia, Ruminococcaceae; Han only: Clostridia, Ruminococcaceae",LEfSe (LDA),Main Text,,Isabella Huang,,,,,,,,,,
ZhaLiu2025,https://doi.org/10.1016/j.cmet.2024.10.006,10.1016/j.cmet.2024.10.006,Microbiota-derived lysophosphatidylcholine alleviates Alzheimer's disease pathology via suppressing ferroptosis.,2025,China,Asia,Shotgun,Cell metabolism,Alzheimer’s disease (AD),Not Reported,Not reported,Firmicutes,"Bacteroidetes, Bacteroides, Bacteroides ovatus",LEfSe (LDA),Main Text,,Isabella Huang,,,,,,,,,,
FerreiroChoi2023,https://doi.org/10.1126/scitranslmed.abo2984,10.1126/scitranslmed.abo2984,Gut microbiome composition may be an indicator of preclinical Alzheimer's disease.,2023,United States,North America,Shotgun,Science translational medicine,Alzheimer’s disease (AD),No Difference,Yes,"Dorea formicigenerans, Oscillibacter sp. 57_20, Faecalibacterium prausnitzii, Coprococcus catus, Anaerostipes hadrus, Ruminococcus lactaris, Methanobrevibacter smithii",Methanosphaera stadtmanae,Linear (e.g. MaAsLin),Main Text,,Isabella Huang,,,,,,,,,,
VogtKerby2017,https://doi.org/10.1038/s41598-017-13601-y,10.1038/s41598-017-13601-y,Gut microbiome alterations in Alzheimer's disease.,2017,United States,North America,16S,Scientific reports,"Alzheimer’s disease (AD), Dementia",Decrease,Yes,"Bacteroidetes, Gemellaceae, Blautia, Phascolarctobacterium, Gemella, Bacteroidaceae, Rikenellaceae, Bacteroides, Alistipes, Bilophila","Firmicutes, Actinobacteria, Ruminococcaceae, Turicibacteraceae, Peptostreptococcaceae, Clostridiaceae, Mogibacteriaceae, SMB53 (family Clostridiaceae), Dialister, Clostridium, Turicibacter, cc115 (family Erysipelotrichaceae), Bifidobacteriaceae, Bifidobacterium, Adlercreutzia",Other,Main Text,,Isabella Huang,,,,,,,,,,
GrabruckerMarizzoni2023,https://doi.org/10.1093/brain/awad303,10.1093/brain/awad303,Microbiota from Alzheimer's patients induce deficits in cognition and hippocampal neurogenesis.,2023,Ireland,Europe,16S,Brain : a journal of neurology,Alzheimer’s disease (AD),No Difference,No,"Bacteroidetes, Desulfovibrio","Firmicutes, Verruocomicrobiota, Clostridium sensu stricto 1, Coprococcus",Other,Main Text,,Isabella Huang,,,,,,,,,,
YoonGerdes2025,https://doi.org/10.1073/pnas.2419689122,10.1073/pnas.2419689122,Multiple sclerosis and gut microbiota: Lachnospiraceae from the ileum of MS twins trigger MS-like disease in germfree transgenic mice-An unbiased functional study.,2025,Germany,Europe,16S,Proceedings of the National Academy of Sciences of the United States of America,Multiple sclerosis (MS),No Difference,No,"Alistipes ihumii, Copromonas, Acutalibacter, Anaerotruncus massiliensis, Eisenbergiella tayi, Anaerotruncus colihominis","Dialister succinatiphilus, Prevotella buccae",Linear (e.g. MaAsLin),Main Text,,Isabella Huang,,,,,,,,,,
ZhuangShen2018,https://doi.org/10.3233/JAD-180176,10.3233/JAD-180176,Gut Microbiota is Altered in Patients with Alzheimer’s Disease,2018,China,Asia,16S,Journal of Alzheimer’s Disease,"Alzheimer’s disease (AD), Amyotrophic lateral sclerosis (ALS), Parkinson’s disease (PD)",Not Reported,Not reported,Actinobacteria (p<0.05); Bacilli (p<0.05); Lactobacillales (p<0.05); Ruminococcaceae (p<0.05); Enterococcaceae (p<0.05); Lactobacillaceae (p<0.05); Subdoligranulum (p<0.05).,Bacteroidetes (p=0.039); Bacteroidia (p<0.05); Negativicutes (p<0.05); Bacteroidales (p<0.05); Selenomonadales (p<0.05); Lachnospiraceae (p<0.05); Bacteroidaceae (p<0.05); Veillonellaceae (p<0.05); Lachnoclostridium (p<0.05),,Main Text,,Emily Song,,,,,,,,,,
,https://doi.org/10.1016/j.cell.2022.08.021,10.1016/j.cell.2022.08.021,Gut microbiome of multiple sclerosis patients and paired household healthy controls reveal associations with disease risk and course.,2022,United States,North America,Both,Cell,Multiple sclerosis (MS),No Difference,Yes,"Akkermansia muciniphila, Parabacteroides merdae CAG:48, Ruminococcus torques, Ruthenibacterium lactatiformans, Hungatella hathewayi, Eisenbergiella tayi",Faecalibacterium prausnitzii,Linear (e.g. MaAsLin),Main Text,,Isabella Huang,"Mention decrease in Blautia species in main text, but only specifically named/identified in figures",,,,,,,,,
ScheperjansAho2015,https://doi.org/10.1002/mds.26069,10.1002/mds.26069,Gut microbiota are related to Parkinson's disease and clinical phenotype.,2015,Finland,Europe,16S,Movement disorders : official journal of the Movement Disorder Society,Parkinson’s disease (PD),No Difference,Yes,"Lactobacillaceae, Verrucomicrobiaceae, Bradyrhizobiaceae","Prevotellaceae, Clostridiales Incertae Sedis IV",Linear (e.g. MaAsLin),Main Text,,Isabella Huang,,,,,,,,,,
WangWang2025,https://doi.org/10.1186/s40168-024-02001-w,10.1186/s40168-024-02001-w,Akkermansia muciniphila and its metabolite propionic acid maintains neuronal mitochondrial division and autophagy homeostasis during Alzheimer's disease pathologic process via GPR41 and GPR43.,2025,China,Asia,16S,Microbiome,Alzheimer’s disease (AD),Decrease,Yes,Proteobacteria,Akkermansia muciniphila,Other,Main Text,,Isabella Huang,,,,,,,,,,
HillBurnsDebelius2017,https://doi.org/10.1002/mds.26942,10.1002/mds.26942,Parkinson's disease and Parkinson's disease medications have distinct signatures of the gut microbiome.,2017,United States,North America,16S,Movement disorders : official journal of the Movement Disorder Society,Parkinson’s disease (PD),Not Reported,Yes,"Akkermansia, Lactobacillus, Bifidobacterium",Lachnospiraceae,"ANCOM, Other",Main Text,,Isabella Huang,,,,,,,,,,
CekanaviciuteYoo2017,https://pubmed.ncbi.nlm.nih.gov/28893978/,10.1073/pnas.1711235114,Gut bacteria from multiple sclerosis patients modulate human T cells and exacerbate symptoms in mouse models.,2017,United States,North America,16S,Proceedings of the National Academy of Sciences of the United States of America,Multiple sclerosis (MS),No Difference,No,"Acinetobacter, Varibaculum, Corynebacterium, Bifidobacterium, Megamonas, Megasphaera, Klebsiella, Actinomyces, Mogibacterium, Akkermansia, SMB53, Bulleidia, ph2","[Prevotella], Serratia, Bacillus, Acidaminococcus, Clostridium, Aquamonas, Parabacteroides, Phascolarctobacterium",DESeq,Supplementary File fallback (Top 5),,Lucas Patel,,,,,,,,,,
GhimireLehman2025,https://pubmed.ncbi.nlm.nih.gov/40030030/,10.1073/pnas.2413953122,Specific microbial ratio in the gut microbiome is associated with multiple sclerosis.,2025,United States,North America,Shotgun,Proceedings of the National Academy of Sciences of the United States of America,Multiple sclerosis (MS),No Difference,Yes,"Mediterraneibacter, Collinsella, [Ruminococcus] torques, Ruminococcus sp. Marseille-P328, Dorea sp. CAG:317, Blautia sp. CAG:257, [Ruminococcus] gnavus, Lachnoclostridium, Eggerthella lenta, Ruminococcaceae bacterium cv2, Eggerthella","Faecalibacterium, Faecalibacterium prausnitzii, Prevotella, Prevotella copri, Bifidobacterium adolescentis, Ruminococcus callidus, Streptococcus equinus, Faecalibacterium sp. CAG:74_58_120","LEfSe (LDA), Other",Figure/Table fallback (Top 5),,Lucas Patel,,,,,,,,,,
ThirionSellebjerg2023,https://pubmed.ncbi.nlm.nih.gov/36604748/,10.1186/s13073-022-01148-1,The gut microbiota in multiple sclerosis varies with disease activity.,2023,Denmark,Europe,Shotgun,Genome medicine,Multiple sclerosis (MS),Not Reported,Yes,"Dysosmobacter, Flavonifractor, Lawsonibacter, Hungatella, Bilophila, Gordonibacter, Anaerobutyricum, Pseudoflavonifractor, Blautia, Anaerotruncus, Erysipelatoclostridium, Ruminococcus, Selimonas, Coprobacillus, Clostridium","Haemophilus, Veillonella, Victivallis, Bifidobacterium, Streptococcus",Linear (e.g. MaAsLin),Main Text,,Megan Nelson,,,,,,,,,,
WangLi2022,https://doi.org/10.3233/JAD-220076,10.3233/JAD-220076,Intestinal Microflora Changes in Patients with Mild Alzheimer’s Disease in a Chinese Cohort,2022,China,Asia,16S,Journal of Alzheimer’s Disease,Alzheimer’s disease (AD),No Difference,Yes,Akkermansia (LEfSe LDA>2; p<0.01); Bifidobacterium (Metastats FDR p<0.05); Bacteroides (Metastats FDR p<0.05); Fusobacterium (Metastats FDR p<0.05); Anaerotruncus (Metastats FDR p<0.05); Clostridium (Metastats FDR p<0.05); Coprobacillus (Metastats FDR p<0.05); Enterobacter (Metastats FDR p<0.05); Robiginitalea (Metastats FDR p<0.05); Moryella (Metastats FDR p<0.05); Sutterella (Metastats FDR p<0.05); Pyramidobacter (Metastats FDR p<0.05),Anaerostipes (Metastats FDR p<0.05); Mitsuokella (Metastats FDR p<0.05); Prevotella (Metastats FDR p<0.05); Bosea (Metastats FDR p<0.05); Lachnobacterium (Metastats FDR p<0.05); Aeromicrobium (Metastats FDR p<0.05); Coprococcus (Metastats FDR p<0.05); Tsukamurella (Metastats FDR p<0.05); Ruminococcus (Metastats FDR p<0.05); Megamonas (Metastats FDR p<0.05); Comamonas (Metastats FDR p<0.05); Fimbriimonas (Metastats FDR p<0.05); Faecalibacterium (Metastats FDR p<0.05); Labrys (Metastats FDR p<0.05).,,Main Text,,Emily Song,,,,,,,,,,
KhedrOmeran2022,https://doi.org/10.3233/JAD-220176,10.3233/JAD-220176,Alteration of Gut Microbiota in Alzheimer’s Disease and Their Relation to the Cognitive Impairment,2022,Egypt,Africa,16S,Journal of Alzheimer’s Disease,Alzheimer’s disease (AD),Not Reported,Not reported,"Akkermansia (AD>Ctrl, qPCR p<0.05); Enterobacteria (p<0.05); Bacteroidetes (p<0.05); Bacillus cereus (p<0.05); Prevotella (p<0.05); Clostridium cluster IV (p<0.05)",Bifidobacterium spp. (p<0.05); Firmicutes (p<0.05); Actinobacteria (p<0.05).,,Main Text,,Emily Song,,,,,,,,,,
OzaydinAksunErdogan2024,https://doi.org/10.55730/1300-0144.5825,10.55730/1300-0144.5825,Is gut microbiota of patients with ALS different from that of healthy individuals?,2024,Turkey,Middle East,16S,Turkish Journal of Medical Sciences,Amyotrophic lateral sclerosis (ALS),No Difference,Not reported,Atopobiaceae; Actinomycetaceae; Erysipelatoclostridiaceae; Peptococcaceae; Bacilli; Coriobacteriia; Actinomycetales; Coriobacteriales; Actinomyces; Prevotella; Bacteroides; Succinivibrio; Faecalibacterium,Succinivibrionaceae; Lachnospiraceae,,Main Text,,Emily Song,,,,,,,,,,
BabacanKayacan2023,https://pubmed.ncbi.nlm.nih.gov/36719617/,10.1007/s13760-023-02195-0,Altered gut microbiota in patients with idiopathic Parkinson's disease: an age-sex matched case-control study.,2023,Turkey,Europe,16S,Acta neurologica Belgica,Parkinson’s disease (PD),No Difference,Not reported,Lactobacillaceae and Akkermansiaceae; Lactobacillus,"Coriobacteriales; Lachnospiraceae ND3007 group, Tyzzerella, Fusicatenibacter, Eubacterium hallii group, and Ruminococcus gauvreauii group",Linear (e.g. MaAsLin),Main Text,,Jason A. Rothman,,,,,,,,,,
ZhouWang2021,https://pubmed.ncbi.nlm.nih.gov/33814442/,10.3233/JAD-201497,Gut Microbiota Changes and Their Correlation with Cognitive and Neuropsychiatric Symptoms in Alzheimer's Disease.,2021,China,Asia,16S,Journal of Alzheimer's disease : JAD,"Alzheimer’s disease (AD), Dementia",Decrease,Yes,"Genus Bifidobacterium (p = 0.031) and species Actinomyces viscosus (p = 0.007) from Actinobacteria, genus Sphingomonas (p = 0.022), Bilophila (p = 0.004), and Neorhizobium (p = 0.027) all from Proteobacteria, and genus Flavobacterium (p = 0.015), Moheibacter (p = 0.019), Lactobacillus (p = 0.005), Weissella (p = 0.025), Blautia (p = 0.047), Clostridium_XlVa (p = 0.032), and Solobacterium (p = 0.005)","genus Odoribacter (p = 0.008), Eubacterium (p = 0.006), Anaerobacterium (p < 0.001), and Papillibacter (p < 0.001)",LEfSe (LDA),Main Text,,Jason A. Rothman,,,,,,,,,,
PietrucciCerroni2019,https://pubmed.ncbi.nlm.nih.gov/31174953/,10.1016/j.parkreldis.2019.06.003,Dysbiosis of gut microbiota in a selected population of Parkinson's patients.,2019,Italy,Europe,16S,Parkinsonism & related disorders,Parkinson’s disease (PD),No Difference,Yes,"Lactobacillaceae, Enterobacteriaceae and Enterococcaceae families",Lachnospiraceae ,Other,Main Text,,Jason A. Rothman,,,,,,,,,,
GuoPeng2021,https://pubmed.ncbi.nlm.nih.gov/33523001/,10.3233/JAD-201040,Gut Microbiome Features of Chinese Patients Newly Diagnosed with Alzheimer's Disease or Mild Cognitive Impairment,2021,United States,North America,16S,Bioscience Reports,Alzheimer’s disease (AD),,Yes,Prevotella_9; Prevotella_9 (uncultured bacterium); Eubacterium eligens group (MCI),Bacteroides; Lachnospira; Ruminiclostridium_9; Bacteroides fragilis,,Main Text,,Emily Song,,,,,,,,,,
LiWu2017,https://pubmed.ncbi.nlm.nih.gov/28536926/,10.1007/s11427-016-9001-4,Structural changes of gut microbiota in Parkinson's disease and its correlation with clinical features.,2017,China,Asia,16S,Science China. Life sciences,Parkinson’s disease (PD),No Difference,Not reported,"Acidaminococcus, Acinetobacter, Enterococcus, Escherichia-Shigella, Megamonas,
Megasphaera, Proteus, Streptococcus","Blautia, Faecalibacterium, Ruminococcus ",Other,Main Text,,Jason A. Rothman,,,,,,,,,,
QianYang2018,https://pubmed.ncbi.nlm.nih.gov/29501802/,10.1016/j.bbi.2018.02.016,Alteration of the fecal microbiota in Chinese patients with Parkinson's disease.,2018,China,Asia,16S,"Brain, behavior, and immunity",Parkinson’s disease (PD),Increase,Yes,"Alistipes, Paraprevotella, Klebesiella, Sphingomonas, Acinetobacter, Aquabacterium, Desulfovibrio, Clostridium IV, Lachnospiracea incertae sedis, Butyricicoccus, Clostridium XVIII and Nitrososphaera",Lactobacillus and Sediminibacterium ,LEfSe (LDA),Main Text,,Jason A. Rothman,,,,,,,,,,
ZengShen2020,https://pubmed.ncbi.nlm.nih.gov/32747678/,10.1038/s41598-020-69845-8,The alteration of gut microbiome and metabolism in amyotrophic lateral sclerosis patients.,2020,China,Asia,Both,Scientific reports,Amyotrophic lateral sclerosis (ALS),Increase,Yes,"Bacteroidetes (42.23 vs. 26.46%, P = 0.0045) at the phylum level, as well as Kineothrix (0.0021 vs. 0%, P = 0.009), Parabacteroides (0.32 vs. 0.01%, P = 0.011), Odoribacter (2.61 vs. 1.87%, P = 0.0156), Sporobacter (0.12 vs. 0.02%, P = 0.0137), Eisenbergiella (0.21% vs. 0.07%, P = 0.0289), Mannheimia (0.12 vs. 0.02%, P = 0.0439), Anaerotruncus (0.03 vs. 0.02%, P = 0.0417) and unclassified Porphyromonadaceae (0.0097 vs. 0.0072%, P = 0.01)","Firmicutes (45.29 vs. 59.75%, P = 0.0248) at the phylum level and Megamonas (1.48 vs. 7.54%, P = 0.0335)",LEfSe (LDA),Main Text,,Jason A. Rothman,Weighted and unweighted ANOSIM showed different result.,,,,,,,,,
KozhievaNaumova2019,https://pubmed.ncbi.nlm.nih.gov/31888483/,10.1186/s12866-019-1685-2,Primary progressive multiple sclerosis in a Russian cohort: relationship with gut bacterial diversity.,2019,Russia,Europe,16S,BMC microbiology,Multiple sclerosis (MS),No Difference,Not reported,"Verrucomicrobiae, Deltaproteobacteria",Clostridia,Other,Main Text,,Jason A. Rothman,,,,,,,,,,
ChenChia2016,https://pubmed.ncbi.nlm.nih.gov/27346372/,10.1038/srep28484,Multiple sclerosis patients have a distinct gut microbiota compared to healthy controls.,2016,United States,North America,16S,Scientific reports,Multiple sclerosis (MS),No Difference,Yes,"Pseudomonas (Proteobactreia), Pedobacter (Bacteroidetes), Blautia (Firmicutes), Dorea (Firmicutes), and Mycoplana (Proteobactreia)","Adlercreutzia (Actinobacteria), Collinsella (Actinobacteria), Lactobacillus (Firmicutes) and Parabacteroides (Bacteriodetes)",Other,Main Text,,Jason A. Rothman,,,,,,,,,,
LinChen2019,https://pubmed.ncbi.nlm.nih.gov/31248424/,10.1186/s12974-019-1528-y,Altered gut microbiota and inflammatory cytokine responses in patients with Parkinson's disease.,2019,Taiwan,Asia,16S,Journal of neuroinflammation,Parkinson’s disease (PD),,,"Parabacteroides, Verrucomicrobia, Akkermansia, Veillonella, Odoribacter, Mucispirillum, Bilophila, Enterococcus, Lactobacillus",Prevotella,LEfSe (LDA),Main Text,,Jake Castillo,,,,,,,,,,
NiTong2025,https://pubmed.ncbi.nlm.nih.gov/39134825/,10.1007/s12035-024-04370-7,Gut Microbiota-Induced Modulation of the Central Nervous System Function in Parkinson's Disease Through the Gut-Brain Axis and Short-Chain Fatty Acids.,2025,China,Asia,16S,Molecular neurobiology,Parkinson’s disease (PD),Increase,Yes,"Clostridiales, bacteroidales",Enterobacterales,LEfSe (LDA),Main Text,,Jake Castillo,,,,,,,,,,
BaldiniHertel2020,https://doi.org/10.1186/s12915-020-00775-7,10.1186/s12915-020-00775-7,Parkinson’s disease-associated alterations of the gut microbiome predict disease-relevant changes in metabolic functions,2020,Luxembourg,Europe,16S,BMC Biology,Parkinson’s disease (PD),No Difference,Yes,Anaerotruncus colihominis (FDR<0.05); Christensenella minuta (FDR<0.05); Lactobacillus (FDR<0.05); Streptococcus (FDR<0.05); Akkermansia muciniphila (FDR<0.05); Bilophila (FDR<0.05); Ruminococcus bromii (FDR<0.05); Ruminococcus torques (FDR<0.05); Roseburia intestinalis (FDR<0.05),Turicibacter sanguinis (FDR<0.05),,Main Text,,Fnu Babita,,,,,,,,,,
XiDing2021,https://pubmed.ncbi.nlm.nih.gov/34384375/,10.1186/s12866-021-02286-z,Disturbed microbial ecology in Alzheimer's disease: evidence from the gut microbiota and fecal metabolome.,2021,China,Asia,16S,BMC microbiology,Alzheimer’s disease (AD),No Difference,Yes,"Agathobacter,  unclassified_f_Lach- nospiraceae, Eubacterium_ventriosum_group, Lachnospiraceae_NC2004, Lachnospiraceae_NC2004, Faecalibacterium,   Ruminococca- ceae_UCG-007, Alloprevotella, Atopobium, Parvimonas, Cloacibacillus, Solobacterium, Pseudomonas ","Tyzzerella, Erysipelatoclostridium",LEfSe (LDA),Main Text,,Jake Castillo,,,,,,,,,,
ShengYang2022,https://pmc.ncbi.nlm.nih.gov/articles/PMC8843023/,10.1186/s13195-022-00977-x,Combination of gut microbiota and plasma amyloid-β as a potential index for identifying preclinical Alzheimer’s disease: a cross-sectional analysis from the SILCODE study,2022,China,Asia,16S,Alzheimer's Research & Therapy,"Alzheimer’s disease (AD), Dementia",,Mixed,Bacteroidetes; Bacteroidia; Bacteroidales,Firmicutes; Clostridia; Clostridiales; Deltaproteobacteria; Desulfovibrionales; Desulfovibrionaceae; Lachnospiraceae; Faecalibacterium,,Main Text,,Emily Song,,,,,,,,,,
RoutDash2025,https://pubmed.ncbi.nlm.nih.gov/39927883/,10.18632/aging.206200,Exploring the role of acylated ghrelin and gut microbiome in delineating cognitive health in the elderly,2025,India,Asia,16S,Aging,Dementia,No Difference,Yes,Bifidobacterium longum; Lactobacillus ruminis; Blautia producta; Eggerthella lenta; Bacteroides eggerthii; Pyramidobacter piscolens; Veillonella dispar,Prevotella copri; Eubacterium biforme; Faecalibacterium prausnitzii; Blautia obeum,,Main Text,,Emily Song,,,,,,,,,,
WangZhang2024,https://pubmed.ncbi.nlm.nih.gov/39213074/,10.3233/JAD-240597,Characterizing Gut Microbiota in Older Chinese Adults with Cognitive Impairment: A Cross-Sectional Study.,2024,Australia,Oceania,16S,Journal of Alzheimer's disease : JAD,,Decrease,Yes,"Shigella, Acidaminococcus, Synergistes, Pyramidobacter, Alistipes, Pseudomonas, Fusobacterium, Aquabacterium, Stenotrophomonas, Sediminibacterium","Firmicutes, Proteobacteria, Bacteroides",,Main Text,,Meika Tomita,,,,,,,,,,
LiangFu2022,https://pmc.ncbi.nlm.nih.gov/articles/PMC9661756/,10.1186/s40035-022-00323-z,"Gut microbiome, cognitive function and brain structure: a multi-omics integration analysis",2022,China,Asia,Both,Translational Neurodegeneration,"Alzheimer’s disease (AD), Dementia",,Yes,Dorea longicatena,Odoribacter; Butyricimonas; Bacteroides,,Main Text,,Fnu Babita,,,,,,,,,,
FangWang2016,https://pubmed.ncbi.nlm.nih.gov/27703453/,10.3389/fmicb.2016.01479,Evaluation of the Microbial Diversity in Amyotrophic Lateral Sclerosis Using High-Throughput Sequencing.,2016,China,Asia,16S,Frontiers in microbiology,Amyotrophic lateral sclerosis (ALS),Not Reported,Not reported,Bacteroidetes; Dorea,Firmicutes; oscillibacter; anaerostipes; lachnospiraceae,LEfSe (LDA),Main Text,,Crystal X. Wang,,,,,,,,,,
ParaschivVacaras2024,https://pubmed.ncbi.nlm.nih.gov/38638559/,10.15698/mic2024.03.819,The effect of multiple sclerosis therapy on gut microbiota dysbiosis: a longitudinal prospective study.,2024,Romania,Europe,16S,"Microbial cell (Graz, Austria)",Multiple sclerosis (MS),No Difference,No,Prevotella stercorea; Bacteroidales,Faecalibacterium; Bifidobacterium; Coprococcus; Lachnospiraceae,LEfSe (LDA),Main Text,,Crystal X. Wang,,,,,,,,,,
ZapalaStefura2021,https://doi.org/10.3390/jcm10235698,10.3390/jcm10235698,Differences in the Composition of Gut Microbiota between Patients with Parkinson’s Disease and Healthy Controls: A Cohort Study,2021,Poland,Europe,16S,Journal of Clinical Medicine,Parkinson’s disease (PD),Increase,Yes,Parabacteroides merdae; Bacteroides massiliensis; Ruminococcus gauvreauii; Parabacteroides distasonis; Streptococcus mutans; Acidaminobacter hydrogenformans; Flavonifractor plautii; Clostridium hethewayi; Bilophila wadsworthia; Clostridium thermosuccinogenes,Eubacterium ramulus; Anaerostipes butyraticus; Megamonas funiformis; Balutia faecis; Bifidobacterium longum,,Main Text,,Fnu Babita,,,,,,,,,,
LiCui2019,https://doi.org/10.3389/fnmol.2019.00171,10.3389/fnmol.2019.00171,Gut Microbiota Differs Between Parkinson’s Disease Patients and Healthy Controls in Northeast China,2019,China,Asia,16S,Frontiers in Molecular Neuroscience,Parkinson’s disease (PD),Increase,Yes,Akkermansia (q<0.05; LEfSe LDA≥4),Bacilli (q<0.05; class); Lactobacillales (q<0.05); Lactobacillaceae (q<0.05); Lactobacillus (q<0.05; LEfSe LDA≥4).,,Main Text,,Emily Song,,,,,,,,,,
TrociPhilippen2024,https://doi.org/10.1093/pnasnexus/pgad427,10.1093/pnasnexus/pgad427,Disease- and stage-specific alterations of the oral and fecal microbiota in Alzheimer’s disease,2024,Germany,Europe,16S,PNAS Nexus,Alzheimer’s disease (AD),No Difference,Yes,Bacteroides (FDR < 0.05); Sutterella (FDR < 0.05); Porphyromonadaceae uncl. (FDR < 0.05); Parabacteroides; Akkermansia (FDR < 0.05); Fusobacterium; Veillonella; Actinobacillus; Neisseria (FDR < 0.05),Lachnospiraceae (FDR < 0.05); Roseburia (FDR < 0.05); Coprobacter (FDR < 0.05); Ruminococcus (FDR < 0.05). MCI > Ctrl: ↑ Bacteroides; Dialister; Butyricimonas (FDR < 0.05). Oral (AD > Ctrl): ↑ Porphyromonas; Rothia; Gemella (FDR < 0.05).,,Main Text,,Emily Song,,,,,,,,,,
RouskasMamalaki2025,https://pubmed.ncbi.nlm.nih.gov/41011443/,10.3390/microorganisms13092112,Gut Microbiome Alterations in Mild Cognitive Impairment: Findings from the ALBION Greek Cohort.,2025,Greece,Europe,16S,Microorganisms,"Alzheimer’s disease (AD), Dementia",No Difference,No,"Candidatus Soleaferrea (q=0.027, FDR < 0.05); Hydrogenoanaerobacterium (log2FC=7.56); UBA1819 (log2FC=1.75)","Sellimonas (q=0.017, FDR < 0.05); UCG_011 (log2FC=−8.15); CAG_352 (log2FC=−5.77)",Linear (e.g. MaAsLin),Main Text,,Marc W. Van Goethem,,,,,,,,,,
HeSheng2023,https://pubmed.ncbi.nlm.nih.gov/37520126/,10.3389/fnagi.2023.1216509,Alterations of gut microbiota are associated with brain structural changes in the spectrum of Alzheimer's disease: the SILCODE study in Hainan cohort.,2023,China,Asia,16S,Frontiers in aging neuroscience,Alzheimer’s disease (AD),No Difference,No,Rikenellaceae (LDA=3.65); Odoribacteraceae (LDA=3.06); Mediterraneibacter (LDA=3.18); Alistipes (LDA=3.65),Lachnospiraceae (LDA = 4.64); Lachnospiracea_incertae_sedis (LDA = 3.40); Fusicatenibacter (LDA = 3.29); Anaerobutyricum (LDA = 2.69),LEfSe (LDA),Main Text,,Marc W. Van Goethem,,,,,,,,,,
ChoileáinKleinewietfeld2020,https://pubmed.ncbi.nlm.nih.gov/32743517/,10.1016/j.jtauto.2019.100032,CXCR3+ T cells in multiple sclerosis correlate with reduced diversity of the gut microbiome.,2020,,North America,16S,Journal of translational autoimmunity,Multiple sclerosis (MS),Decrease,Yes,Bacteroidetes,Coprococcus; Clostridium; Ruminococcaceae,LEfSe (LDA),Main Text,,Marc W. Van Goethem,"Beta diversity was significantly different for unweighted UniFrac, but not for weighted UniFrac. Also, Country is undeclared as far as I can tell. Likely USA based on the authors affiliations.",,,,,,,,,
IlieVăcăreanTrandafir2025,https://pubmed.ncbi.nlm.nih.gov/41245833/,10.3389/fnins.2025.1654995,Exploring gut microbiota alterations in Parkinson's disease: insights from a 16S amplicon sequencing Eastern European pilot study.,2025,Romania,Europe,16S,Frontiers in neuroscience,Parkinson’s disease (PD),No Difference,No,Blautia; Mogibacterium; Rikenellaceae RC9,Lachnospiraceae UCG-001 (p<0.0156); Fusicatenibacter; Butyricicoccus; Anaerostipes; Erysipelotrichaceae UCG-003; Tyzzerella,"LEfSe (LDA), Linear (e.g. MaAsLin)",Main Text,,Marc W. Van Goethem,,,,,,,,,,
BoertienMurtomäki2022,https://pubmed.ncbi.nlm.nih.gov/36216843/,10.1038/s41531-022-00395-8,Fecal microbiome alterations in treatment-naive de novo Parkinson's disease.,2022,Netherlands and Finland,Europe,16S,NPJ Parkinson's disease,Parkinson’s disease (PD),Increase,Yes,Rikenellaceae RC9 gut group (Netherlands),Clostridia UCG-014 (Netherlands); Roseburia (both countries); Lachnospiraceae GCA-900066575 (Finland),"ANCOM, DESeq",Main Text,,Marc W. Van Goethem,"Alpha diversity was higher in PD patients from Netherlands, but lower in PD patients from Finland, compared to healthy controls. Conflicting differential taxa between ANCOM and DESeq2 analyses.",,,,,,,,,
KimKim2024,https://pubmed.ncbi.nlm.nih.gov/38610709/,10.3390/jcm13071944,Alterations in Gut Microbiota and Their Correlation with Brain Beta-Amyloid Burden Measured by (18)F-Florbetaben PET in Mild Cognitive Impairment Due to Alzheimer's Disease.,2024,South Korea,Asia,16S,Journal of clinical medicine,Alzheimer’s disease (AD),Decrease,Yes,Bacilli (p=0.034); Lactobacillales (p=0.047); Anaerostipes (p=0.036),Ruminococcaceae (p=0.006); Christensenellaceae (p=0.002); Rikenellaceae (p=0.011); Barnesiellaceae (p=0.015); Faecalibacterium (p=0.014); Lachnospira (p=0.008); Oscillibacter (p=0.009); Ruminococcus (p=0.034); Roseburia (p=0.039); Sporobacter (p=0.022); Alistipes (p=0.011); Barnesiella (p=0.013); Pseudoflavonifractor (p=0.014),"LEfSe (LDA), Linear (e.g. MaAsLin)",Main Text,,Marc W. Van Goethem,,,,,,,,,,
HuWang2024,https://pubmed.ncbi.nlm.nih.gov/39512468/,10.1016/j.heliyon.2024.e38645,Retrospective analysis of diet and gut microbiota diversity and clinical pharmacology outcomes in patients with Parkinsonism syndrome.,2024,China,Asia,16S,Heliyon,Parkinson’s disease (PD),Increase,Not reported,Porphyromonas; Bifidobacterium; Lactococcus; Enterobacter; Acetobacter; Oxalobacter; Lachnospira; Enterococcus; Rhodospirillum; Gemmiger; Collinsella; Butyricimonas; Alistipes; Odoribacter (all p<0.05),Mitsuokella (p<0.05),"ANCOM, LEfSe (LDA), DESeq",Main Text,,Marc W. Van Goethem,,,,,,,,,,
LubomskiXu2022,https://pubmed.ncbi.nlm.nih.gov/35656540/,10.3389/fnagi.2022.875261,The Gut Microbiome in Parkinson's Disease: A Longitudinal Study of the Impacts on Disease Progression and the Use of Device-Assisted Therapies.,2022,Australia,Oceania,16S,Frontiers in aging neuroscience,Parkinson’s disease (PD),Decrease,Yes,Lactobacillaceae,Butyricicoccus; Fusicatenibacter; Lachnospiraceae ND3007; Erysipelotrichaceae UCG-003,Other,Main Text,,Marc W. Van Goethem,Used ANOVA-like differential expression (ALDEx2),,,,,,,,,
HuangLi2019,https://doi.org/10.3389/fped.2019.00394,10.3389/fped.2019.00394,Distinct Gut Microbiota Composition and Functional Category in Children With Cerebral Palsy and Epilepsy,2019,China,Asia,16S,Frontiers in Pediatrics,Epilepsy,Increase,Yes,Bifidobacterium (Wilcoxon FDR<0.001); Streptococcus (Wilcoxon FDR<0.001); Akkermansia (Wilcoxon FDR<0.001); Enterococcus (Wilcoxon FDR<0.001); Prevotella (Wilcoxon FDR<0.001); Veillonella (Wilcoxon FDR<0.001); Rothia (Wilcoxon FDR<0.001); Clostridium IV (Wilcoxon FDR<0.001),Bacteroides (Wilcoxon FDR<0.001); Faecalibacterium (Wilcoxon FDR<0.001); Blautia (Wilcoxon FDR=0.037); Ruminococcus (Wilcoxon FDR<0.001); Roseburia (Wilcoxon FDR<0.001); Anaerostipes (Wilcoxon FDR<0.001); Parasutterella (Wilcoxon FDR<0.001),,Main Text,,Emily Song,,,,,,,,,,
LinLin2025,https://pubmed.ncbi.nlm.nih.gov/40046438/,10.3389/fnins.2025.1545690,Plasma exosomal miRNA expression and gut microbiota dysbiosis are associated with cognitive impairment in Alzheimer's disease.,2025,China,Asia,Shotgun,Frontiers in neuroscience,Alzheimer’s disease (AD),Not Reported,Not reported,Propionibacteriaceae; Peptoniphilus; Anaerococcus; Tannerella; Arachnia; Dermabacter; Burkholderia cepacia; Fusobacterium necrophorum; Blautia hydrogenotrophica; Streptococcus porcinus; Streptococcus parasuis; Actinomyces sp. oral taxon 848,Romboutsia; Faecalibacterium; Roseburia; Sarcina; Massilistercora timonensis; Lachnospiraceae bacterium GAM79; Romboutsia ilealis; Faecalibacterium prausnitzii; Roseburia inulinivorans; Roseburia intestinalis; Sarcina sp. JB2; Uncultured Erysipelotrichaceae,LEfSe (LDA),Main Text,,Marc W. Van Goethem,,,,,,,,,,
WadopVasquez2025,https://pubmed.ncbi.nlm.nih.gov/41156809/,10.3390/microorganisms13102350,Differential Patterns of Gut and Oral Microbiomes in Hispanic Individuals with Cognitive Impairment.,2025,United States,North America,16S,Microorganisms,"Alzheimer’s disease (AD), Dementia",No Difference,No,Streptococcus; Fusobacterium; Fretibacterium; Dialister; Mycoplasma (oral data); Bacteroides; Escherichia-Shigella (gut data),Neisseria (oral data); Ruminococcus; Shuttleworthia; Holdemania; Subdoligranulum; UGC-005; Eubacterium brachy (gut data),Linear (e.g. MaAsLin),Main Text,,Marc W. Van Goethem,Oral and gut data,,,,,,,,,
KennaChua2021,https://pubmed.ncbi.nlm.nih.gov/34776854/,10.3389/fnins.2021.756951,Changes in the Gut Microbiome and Predicted Functional Metabolic Effects in an Australian Parkinson's Disease Cohort.,2021,Australia,Oceania,16S,Frontiers in neuroscience,Parkinson’s disease (PD),Decrease,No,Synergistetes (q<0.001); Proteobacteria (q=0.034),Lachnospiraceae (q=0.011); Roseburia (q<0.001); Kineothrix (q=0.105); Agathobaculum (q = 0.121); Colidextribacter (q=0.105); Intestinibacter (q=0.121),Other,Main Text,,Marc W. Van Goethem,Used Wilcoxon rank-sum tests for differential abundance,,,,,,,,,
PeiLu2023,https://pubmed.ncbi.nlm.nih.gov/37350810/,10.3389/fnagi.2023.1174599,Gut microbiota and intestinal barrier function in subjects with cognitive impairments: a cross-sectional study.,2023,China,Asia,16S,Frontiers in aging neuroscience,Alzheimer’s disease (AD),No Difference,Differing B/w Subgroups,Catenibacterium (p=0.039); Family XIII AD3011 (p=0.011); Vagococcus (p=0.032) (in AD); Alistipes; Bacteroides; Roseburia; Tyzzerella 4 (in MCI),Dorea (p<0.01); Streptococcus (p=0.015),Other,Main Text,,Marc W. Van Goethem,,,,,,,,,,
LubomskiXu2022,https://pubmed.ncbi.nlm.nih.gov/35645785/,10.3389/fnagi.2022.881872,Nutritional Intake and Gut Microbiome Composition Predict Parkinson's Disease.,2022,Australia,Oceania,16S,Frontiers in aging neuroscience,Parkinson’s disease (PD),No Difference,Yes,Bifidobacterium; Butyricimonas; Candidatus Soleaferre; Faecalibacterium sp. UBA1819; Flavonifractor; Ruminococcus gnavus,Agathobacter; Butyricicoccus; Erysipelotrichaceae UCG-003; Eubacterium xylanophilum; Fusicatenibacter; Lachnospiraceae ND3007 group; Ruminococcus gauvreauii; Firmacutes bacterium CAG:56,Other,Main Text,,Marc W. Van Goethem,Used ANOVA-like differential expression (ALDEx2),,,,,,,,,
KozhakhmetovKaiyrlykyzy2024,https://pubmed.ncbi.nlm.nih.gov/39346576/,10.1155/2024/9741811,Inflammatory Manifestations Associated With Gut Dysbiosis in Alzheimer's Disease.,2024,Kazakhstan,Asia,16S,International journal of Alzheimer's disease,Alzheimer’s disease (AD),No Difference,Yes,Phyllobacterium; Lactobacillus salivarius; Bacteroidia; Coriobacteriia; Erysipelotrichia; Gemmatimonadetes; Verrucomicrobiae; Cloacibacillus; Clostridia,"Rhodospirillales; Bacteroides, Bifidobacterium breve; Monoglobus","LEfSe (LDA), DESeq",Main Text,,Marc W. Van Goethem,,,,,,,,,,
XiaYou2019,https://www.frontiersin.org/articles/10.3389/fneur.2019.00397/full,10.3389/fneur.2019.00397,Stroke Dysbiosis Index (SDI) in Gut Microbiome Are Associated With Brain Injury and Prognosis of Stroke,2019,China,Asia,16S,Frontiers in Neurology,Stroke,,Yes,"Parabacteroides (q<0.1, LDA>2); Oscillospira (q<0.1, LDA>2); Enterobacteriaceae_uncl. (q<0.1, LDA>2); Bacteroides (q<0.1, LDA>2); Bacteroidaceae_uncl. (q<0.1, LDA>2)","Prevotella (q<0.1, LDA>2); Roseburia (q<0.1, LDA>2); Faecalibacterium (q<0.1, LDA>2); Clostridiaceae_uncl. (q<0.1, LDA>2); Lachnospira (q<0.1, LDA>2)a",,Main Text,,Fnu Babita,,,,,,,,,,
CuiLiu2022,https://doi.org/10.3389/fmicb.2021.696632,10.3389/fmicb.2021.696632,Gut Microbiome Distinguishes Patients With Epilepsy From Healthy Individuals,2022,China,Asia,16S,Frontiers in Microbiology,Epilepsy,Decrease,Yes,"Proteobacteria (p<0.05); Actinobacteriota (p<0.05); Escherichia/Shigella (LDA>3, p<0.05); Enterobacteriaceae-unclassified (LDA>3, p<0.05); Halomonas (LDA>3, p<0.05); Bifidobacterium (LDA>3, p<0.05); Subdoligranulum (p<0.05); Faecalibacterium (p<0.05)","Bacteroidota (p<0.05); Bacteroides (LDA>3, p<0.05); Megamonas (p<0.05); Prevotella (p<0.05); Lachnospiraceae-unclassified (LDA>3, p<0.05); Blautia (LDA>3, p<0.05); Lachnospira (LDA>3, p<0.05); Parabacteroides (p<0.05); Collinsella (p<0.05).",,Main Text,,Fnu Babita,,,,,,,,,,
YaoLi2025,https://pmc.ncbi.nlm.nih.gov/articles/PMC12508004/,10.1007/s00203-025-04494-x,Multi-omics profiling reveals key microbial and metabolic variations in ischemic stroke: insights into gut and oral microbiota,2025,China,Asia,16S,ARCHIVES OF MICROBIOLOGY,Stroke,Increase,Yes,"Subdoligranulum, Streptococcus, and Limosilactobacillus were enriched in the FS group, Porphyromonas,  in the KS group compared to the KC group (P = 0.004, Q = 0.049).","Bacteroides (P < 0.001, Q < 0.001), Parabacteroides (P < 0.001, Q = 0.004), Roseburia (P < 0.001, Q = 0.007) and Holdemanella (P < 0.001, Q = 0.008) ",LEfSe (LDA),Main Text,,Fnu Babita,,,,,,,,,,